Season,Date,HomeTeam,AwayTeam,Bet_On,Model_Prob,B365_Odds,Kelly_Fraction,Edge,Won,Bankroll_Full,Bankroll_Half,Bankroll_Quarter
2019,2019-08-31,West Ham,Norwich,BTTS Yes,0.9411,1.44,0.8073,0.2467,False,920.0,920.0,920.0
2019,2019-09-14,Wolves,Chelsea,BTTS Yes,0.6584,1.9,0.2788,0.1321,True,986.24,986.24,977.7116
2019,2019-09-21,Burnley,Norwich,BTTS Yes,0.7745,1.66,0.4329,0.1721,False,907.3408,907.3408,899.494672
2019,2019-09-22,Chelsea,Liverpool,BTTS Yes,0.7753,1.57,0.381,0.1383,True,948.71554048,948.71554048,940.5116290432001
2019,2019-10-06,Southampton,Chelsea,BTTS Yes,0.7316,1.72,0.3587,0.1502,True,1003.361555611648,1003.361555611648,994.6850988760884
2019,2019-10-26,Burnley,Chelsea,BTTS Yes,0.732,1.66,0.326,0.1296,True,1056.339045747943,1056.339045747943,1047.2044720967458
2019,2019-11-09,Southampton,Everton,BTTS Yes,0.681,1.9,0.3265,0.1547,True,1132.3954570417948,1132.3954570417948,1122.6031940877115
2019,2019-11-10,Wolves,Aston Villa,BTTS Yes,0.6828,1.9,0.3304,0.1565,True,1213.927929948804,1213.927929948804,1203.4306240620267
2019,2019-11-23,Man City,Chelsea,BTTS Yes,0.8433,1.4,0.4517,0.129,True,1252.7736237071656,1252.7736237071656,1241.9404040320117
2019,2019-12-04,Man United,Tottenham,BTTS Yes,0.6832,1.8,0.2873,0.1277,True,1332.9511356244243,1332.9511356244243,1313.3022996476911
2019,2019-12-08,Newcastle,Southampton,BTTS Yes,0.6637,2.1,0.3579,0.1875,True,1450.2508355593736,1450.2508355593736,1428.872902016688
2019,2019-12-14,Southampton,West Ham,BTTS Yes,0.7588,1.61,0.3633,0.1377,False,1334.2307687146238,1334.2307687146238,1314.563069855353
2019,2019-12-14,Burnley,Newcastle,BTTS Yes,0.7215,2.1,0.4682,0.2453,False,1227.4923072174538,1227.4923072174538,1209.3980242669247
2019,2019-12-15,Man United,Everton,BTTS Yes,0.7046,1.8,0.3354,0.1491,True,1306.0518148793708,1306.0518148793708,1286.799497820008
2019,2019-12-21,Aston Villa,Southampton,BTTS Yes,0.7694,1.61,0.3914,0.1483,True,1369.7871434454842,1369.7871434454842,1349.5953133136243
2019,2019-12-26,Everton,Burnley,BTTS Yes,0.709,1.9,0.3856,0.1826,False,1260.2041719698454,1260.2041719698454,1241.6276882485342
2019,2019-12-28,Newcastle,Everton,BTTS Yes,0.655,2.1,0.3413,0.1788,True,1371.1021391031918,1371.1021391031918,1350.8909248144053
2019,2019-12-28,Burnley,Man United,BTTS Yes,0.7096,1.9,0.387,0.1833,False,1261.4139679749364,1261.4139679749364,1242.8196508292529
2019,2020-01-01,Southampton,Tottenham,BTTS Yes,0.74,1.66,0.346,0.1376,False,1160.5008505369415,1160.5008505369415,1143.3940787629126
2019,2020-01-01,Newcastle,Leicester,BTTS Yes,0.6608,1.9,0.284,0.1345,False,1067.660782493986,1067.660782493986,1062.2130991707459
2019,2020-02-01,Man United,Wolves,BTTS Yes,0.6802,2.2,0.4136,0.2256,False,982.2479198944671,982.2479198944671,977.2360512370861
2019,2020-02-14,Wolves,Leicester,BTTS Yes,0.8028,2.0,0.6056,0.3028,False,903.6680863029097,903.6680863029097,899.0571671381192
2019,2020-02-29,West Ham,Southampton,BTTS Yes,0.7122,1.72,0.3126,0.1308,True,955.7193680739573,955.7193680739573,949.6453158186468
2019,2020-03-08,Chelsea,Everton,BTTS Yes,0.7027,1.72,0.2898,0.1213,False,879.2618186280407,879.2618186280407,880.8435126875859
2019,2020-07-06,Tottenham,Everton,BTTS Yes,0.7165,1.9,0.4014,0.1902,False,808.9208731377975,808.9208731377975,810.376031672579
2019,2020-07-09,Bournemouth,Tottenham,BTTS Yes,0.7479,1.72,0.3977,0.1665,False,744.2072032867736,744.2072032867736,745.5459491387726
2019,2020-07-09,Everton,Southampton,BTTS Yes,0.6736,1.9,0.3108,0.1472,True,797.7901219234213,797.7901219234213,797.681977362047
2019,2020-07-11,Watford,Newcastle,BTTS Yes,0.5964,2.1,0.2295,0.1202,True,867.9956526526825,867.9956526526825,848.0256811583091
2019,2020-07-11,Sheffield United,Chelsea,BTTS Yes,0.6308,2.0,0.2615,0.1308,False,798.5560004404679,798.5560004404679,792.5860022525846
2019,2020-07-15,Newcastle,Tottenham,BTTS Yes,0.6718,1.9,0.3071,0.1455,True,856.0520324721815,856.0520324721815,847.3517135432326
2019,2020-07-17,West Ham,Watford,BTTS Yes,0.6562,2.0,0.3124,0.1562,True,924.5361950699561,924.5361950699561,913.5298823709591
2019,2020-07-22,Liverpool,Chelsea,BTTS Yes,0.8052,1.57,0.4634,0.1682,True,966.6950455651461,966.6950455651461,955.1868450070748
2020,2020-09-12,West Ham,Newcastle,BTTS Yes,0.6987,1.9,0.364,0.1724,False,889.3594419199344,889.3594419199344,878.7718974065089
2020,2020-09-20,Newcastle,Brighton,BTTS Yes,0.6053,2.37,0.3171,0.1833,False,818.2106865663396,818.2106865663396,809.1072552396079
2020,2020-09-20,Chelsea,Liverpool,BTTS Yes,0.8984,1.61,0.7319,0.2773,False,752.7538316410324,752.7538316410324,744.3786748204392
2020,2020-09-26,West Brom,Chelsea,BTTS Yes,0.7919,1.66,0.4766,0.1895,True,792.4992339516789,792.4992339516789,783.6818688509584
2020,2020-09-26,Burnley,Southampton,BTTS Yes,0.6156,2.1,0.2662,0.1395,False,729.0992952355446,729.0992952355446,731.5278404789271
2020,2020-09-27,Sheffield United,Leeds,BTTS Yes,0.926,1.9,0.8438,0.3997,False,670.7713516167009,670.7713516167009,673.005613240613
2020,2020-09-28,Fulham,Aston Villa,BTTS Yes,0.692,2.0,0.3841,0.192,False,617.1096434873649,617.1096434873649,619.1651641813639
2020,2020-10-03,Leeds,Man City,BTTS Yes,0.9061,1.36,0.6452,0.1708,True,634.8824012198011,634.8824012198011,636.9971209097872
2020,2020-10-04,Southampton,West Brom,BTTS Yes,0.7787,1.8,0.502,0.2231,False,584.091809122217,584.091809122217,586.0373512370043
2020,2020-10-04,Leicester,West Ham,BTTS Yes,0.794,1.66,0.482,0.1916,False,537.3644643924397,537.3644643924397,539.1543631380439
2020,2020-10-17,Everton,Liverpool,BTTS Yes,0.8755,1.53,0.6405,0.2219,True,560.1487176826791,560.1487176826791,562.014508135097
2020,2020-10-17,Newcastle,Man United,BTTS Yes,0.7622,1.72,0.432,0.1808,True,592.4132838212015,592.4132838212015,594.3865438036786
2020,2020-10-18,Crystal Palace,Brighton,BTTS Yes,0.6454,2.2,0.3499,0.1909,True,649.2849590680369,649.2849590680369,651.4476520088317
2020,2020-10-19,Leeds,Wolves,BTTS Yes,0.7169,2.1,0.4596,0.2407,False,597.342162342594,597.342162342594,599.3318398481251
2020,2020-10-19,West Brom,Burnley,BTTS Yes,0.7081,2.1,0.4426,0.2319,False,549.5547893551865,549.5547893551865,551.3852926602751
2020,2020-10-24,Fulham,Crystal Palace,BTTS Yes,0.5793,2.3,0.2556,0.1445,True,606.7084874481259,606.7084874481259,597.1888689215642
2020,2020-10-24,Man United,Chelsea,BTTS Yes,0.9251,1.61,0.8023,0.304,False,558.1718084522759,558.1718084522759,549.413759407839
2020,2020-10-25,Southampton,Everton,BTTS Yes,0.7654,1.8,0.4722,0.2099,False,513.5180637760938,513.5180637760938,505.46065865521194
2020,2020-10-25,Arsenal,Leicester,BTTS Yes,0.7245,1.72,0.3418,0.1431,False,472.43661867400624,472.43661867400624,465.023805962795
2020,2020-10-26,Brighton,West Brom,BTTS Yes,0.7618,1.8,0.464,0.2062,True,502.67256226914265,502.67256226914265,494.78532954441386
2020,2020-10-31,Liverpool,West Ham,BTTS Yes,0.8873,1.4,0.6056,0.173,True,518.7580842617552,518.7580842617552,510.6184600898351
2020,2020-11-01,Newcastle,Everton,BTTS Yes,0.7197,1.8,0.3693,0.1641,True,551.9586016545076,551.9586016545076,543.2980415355845
2020,2020-11-01,Man United,Arsenal,BTTS Yes,0.7133,1.72,0.3152,0.1319,False,507.80191352214695,507.80191352214695,500.48615586258046
2020,2020-11-02,Fulham,West Brom,BTTS Yes,0.6882,2.0,0.3763,0.1882,False,467.1777604403752,467.1777604403752,460.447263393574
2020,2020-11-02,Leeds,Leicester,BTTS Yes,0.8036,1.72,0.5308,0.2222,True,494.08719944174084,494.08719944174084,486.9690257650439
2020,2020-11-06,Southampton,Newcastle,BTTS Yes,0.6919,1.8,0.3068,0.1363,False,454.5602234864016,454.5602234864016,449.61850148886504
2020,2020-11-07,Everton,Man United,BTTS Yes,0.779,1.72,0.4721,0.1976,True,480.74289235921833,480.74289235921833,475.51652717462366
2020,2020-11-07,Crystal Palace,Leeds,BTTS Yes,0.6965,1.9,0.3593,0.1702,True,515.3563806090821,515.3563806090821,509.7537171311966
2020,2020-11-08,Man City,Liverpool,BTTS Yes,0.8247,1.44,0.4261,0.1302,True,533.4969252065217,533.4969252065217,527.6970479742147
2020,2020-11-08,Leicester,Wolves,BTTS Yes,0.5819,2.3,0.2603,0.1471,False,490.81717118999995,490.81717118999995,493.3571625772927
2020,2020-11-21,Newcastle,Chelsea,BTTS Yes,0.7369,1.66,0.3381,0.1344,False,451.5517974948,451.5517974948,453.88858957110926
2020,2020-11-22,Liverpool,Leicester,BTTS Yes,0.9017,1.57,0.7293,0.2648,False,415.427653695216,415.427653695216,417.57750240542055
2020,2020-11-22,Leeds,Arsenal,BTTS Yes,0.7478,1.66,0.3657,0.1454,False,382.1934413995987,382.1934413995987,384.1713022129869
2020,2020-11-27,Crystal Palace,Newcastle,BTTS Yes,0.6114,2.37,0.3277,0.1894,False,351.6179660876308,351.6179660876308,353.437598035948
2020,2020-11-28,Brighton,Liverpool,BTTS Yes,0.8546,1.57,0.5994,0.2176,True,367.6517453412268,367.6517453412268,369.5543525063872
2020,2020-11-28,Everton,Leeds,BTTS Yes,0.8696,1.61,0.6558,0.2485,False,338.23960571392865,338.23960571392865,339.99000430587625
2020,2020-11-29,Chelsea,Tottenham,BTTS Yes,0.7274,1.72,0.3488,0.146,False,311.18043725681434,311.18043725681434,312.79080396140614
2020,2020-11-29,Southampton,Man United,BTTS Yes,0.7725,1.8,0.4882,0.217,True,331.09598524125045,331.09598524125045,332.80941541493615
2020,2020-12-05,West Ham,Man United,BTTS Yes,0.7202,1.72,0.3315,0.1388,True,350.1671139911465,350.1671139911465,351.97923774283646
2020,2020-12-07,Brighton,Southampton,BTTS Yes,0.7753,1.9,0.5257,0.249,True,375.37914619850903,375.37914619850903,377.3217428603207
2020,2020-12-12,Man United,Man City,BTTS Yes,0.7483,1.61,0.3358,0.1272,False,345.34881450262833,345.34881450262833,347.13600343149506
2020,2020-12-12,Everton,Chelsea,BTTS Yes,0.775,1.61,0.4061,0.1539,False,317.72090934241805,317.72090934241805,319.36512315697547
2020,2020-12-13,Leicester,Brighton,BTTS Yes,0.7273,1.9,0.4243,0.201,False,292.3032365950246,292.3032365950246,293.81591330441745
2020,2020-12-16,Leicester,Everton,BTTS Yes,0.7072,1.72,0.3006,0.1258,False,268.9189776674226,268.9189776674226,271.73564741959046
2020,2020-12-19,Crystal Palace,Liverpool,BTTS Yes,0.7571,1.61,0.3588,0.136,False,247.4054594540288,247.4054594540288,249.99679562602321
2020,2020-12-26,Aston Villa,Crystal Palace,BTTS Yes,0.7169,1.72,0.3238,0.1355,False,227.6130226977065,227.6130226977065,229.99705197594136
2020,2020-12-28,Crystal Palace,Leicester,BTTS Yes,0.6572,1.9,0.2763,0.1309,True,244.00116033194138,244.00116033194138,244.29539370465568
2020,2021-01-30,Crystal Palace,Wolves,BTTS Yes,0.702,2.5,0.5034,0.302,False,224.48106750538608,224.48106750538608,224.75176220828322
2020,2021-02-02,Sheffield United,West Brom,BTTS Yes,0.573,2.3,0.2445,0.1382,True,247.82709852594624,247.82709852594624,242.61109911275892
2020,2021-02-07,Wolves,Leicester,BTTS Yes,0.5811,2.2,0.2319,0.1265,False,228.00093064387053,228.00093064387053,228.54572064169673
2020,2021-02-19,Wolves,Leeds,BTTS Yes,0.7495,1.9,0.4713,0.2232,False,209.7608561923609,209.7608561923609,210.262062990361
2020,2021-02-27,Newcastle,Wolves,BTTS Yes,0.5639,2.37,0.2455,0.1419,True,232.75064603104366,232.75064603104366,227.94168572932676
2020,2021-03-07,West Brom,Newcastle,BTTS Yes,0.6122,2.2,0.289,0.1576,False,214.13059434856018,214.13059434856018,211.47289893538291
2020,2021-03-21,West Ham,Arsenal,BTTS Yes,0.6753,1.9,0.3144,0.1489,True,229.5479971416565,229.5479971416565,226.4324918060719
2020,2021-04-03,Leicester,Man City,BTTS Yes,0.7155,1.9,0.3993,0.1892,False,211.184157370324,211.184157370324,208.31789246158615
2020,2021-04-04,Southampton,Burnley,BTTS Yes,0.613,2.1,0.2611,0.1368,True,229.7683632189125,229.7683632189125,223.2756379350592
2020,2021-04-11,Burnley,Newcastle,BTTS Yes,0.6161,2.5,0.3602,0.2161,True,257.340566805182,257.340566805182,250.0687144872663
2020,2021-04-11,West Ham,Leicester,BTTS Yes,0.7599,1.9,0.4931,0.2336,True,275.8690876151551,275.8690876151551,268.0736619303495
2020,2021-04-12,West Brom,Southampton,BTTS Yes,0.6434,2.0,0.2867,0.1434,False,253.79956060594267,253.79956060594267,248.8594822114917
2020,2021-04-17,Newcastle,West Ham,BTTS Yes,0.6958,1.9,0.3577,0.1694,True,272.0731289695705,272.0731289695705,266.7773649307191
2020,2021-04-21,Tottenham,Southampton,BTTS Yes,0.7737,1.72,0.4593,0.1923,True,287.7445411982178,287.7445411982178,282.14374115072854
2020,2021-04-24,West Ham,Chelsea,BTTS Yes,0.6355,2.0,0.271,0.1355,False,264.72497790236037,264.72497790236037,263.02850268776666
2020,2021-04-30,Southampton,Leicester,BTTS Yes,0.747,1.9,0.4658,0.2207,True,283.7851763113303,283.7851763113303,281.96655488128584
2020,2021-05-02,Newcastle,Arsenal,BTTS Yes,0.721,1.72,0.3335,0.1396,False,261.0823622064239,261.0823622064239,259.409230490783
2020,2021-05-03,Burnley,West Ham,BTTS Yes,0.8064,1.9,0.5913,0.2801,True,279.88029228528643,279.88029228528643,278.08669508611933
2020,2021-05-18,Chelsea,Leicester,BTTS Yes,0.6355,2.1,0.3041,0.1593,True,304.5097580063916,304.5097580063916,301.3423901794338
2020,2021-05-23,Leicester,Tottenham,BTTS Yes,0.8426,1.57,0.5664,0.2057,True,318.39540297148307,318.39540297148307,315.08360317161595
2020,2021-05-23,West Ham,Southampton,BTTS Yes,0.8137,1.61,0.5083,0.1926,False,292.9237707337644,292.9237707337644,289.87691491788667
2021,2021-08-14,Watford,Aston Villa,BTTS Yes,0.6995,2.0,0.3989,0.1995,True,316.35767239246553,316.35767239246553,313.0670681113176
2021,2021-08-14,Leicester,Wolves,BTTS Yes,0.6519,2.09,0.3325,0.1734,False,291.0490586010683,291.0490586010683,288.0217026624122
2021,2021-08-14,Burnley,Brighton,BTTS Yes,0.5802,2.5,0.3003,0.1802,True,325.97494563319646,325.97494563319646,320.45654665348314
2021,2021-08-15,Newcastle,West Ham,BTTS Yes,0.8648,1.99,0.7283,0.3623,True,351.79216132734564,351.79216132734564,345.836705148439
2021,2021-08-15,Tottenham,Man City,BTTS Yes,0.8894,1.89,0.7652,0.3603,False,323.648788421158,323.648788421158,318.1697687365639
2021,2021-08-21,Brighton,Watford,BTTS Yes,0.5774,2.2,0.2253,0.1229,False,297.75688534746536,297.75688534746536,300.24885651247695
2021,2021-08-21,Aston Villa,Newcastle,BTTS Yes,0.871,1.72,0.6918,0.2896,False,273.93633451966815,273.93633451966815,276.2289479914788
2021,2021-08-22,Wolves,Tottenham,BTTS Yes,0.6174,2.2,0.2985,0.1628,False,252.0214277580947,252.0214277580947,255.61536274761468
2021,2021-08-22,Southampton,Man United,BTTS Yes,0.7486,1.72,0.3995,0.1672,True,266.53786199696094,266.53786199696094,270.3388076418773
2021,2021-08-23,West Ham,Leicester,BTTS Yes,0.8133,1.8,0.5798,0.2577,True,283.5962851647664,283.5962851647664,287.64049133095745
2021,2021-08-28,Newcastle,Southampton,BTTS Yes,0.7327,1.85,0.4183,0.1922,True,302.8808325559705,302.8808325559705,307.20004474146253
2021,2021-08-29,Tottenham,Watford,BTTS Yes,0.6757,1.8,0.2704,0.1202,False,278.65036595149286,278.65036595149286,286.43332171693964
2021,2021-09-11,Leicester,Man City,BTTS Yes,0.8412,1.72,0.6206,0.2598,False,256.35833667537344,256.35833667537344,263.5186559795845
2021,2021-09-11,Southampton,West Ham,BTTS Yes,0.7394,1.72,0.3774,0.158,False,235.84966974134358,235.84966974134358,242.43716350121773
2021,2021-09-17,Newcastle,Leeds,BTTS Yes,0.8405,1.61,0.5789,0.2193,True,247.35913362472115,247.35913362472115,254.26809708007715
2021,2021-09-18,Aston Villa,Everton,BTTS Yes,0.6532,2.0,0.3064,0.1532,False,227.57040293474347,227.57040293474347,234.79116084374326
2021,2021-09-19,Brighton,Leicester,BTTS Yes,0.6385,2.1,0.3098,0.1623,True,247.5965983930009,247.5965983930009,254.79419379182596
2021,2021-09-25,Man United,Aston Villa,BTTS Yes,0.7678,1.57,0.3604,0.1308,False,227.78887052156082,227.78887052156082,234.41065828847988
2021,2021-09-25,Leeds,West Ham,BTTS Yes,0.7752,1.57,0.3809,0.1383,True,238.176043017344,238.176043017344,245.09978430643457
2021,2021-09-25,Watford,Newcastle,BTTS Yes,0.8613,2.0,0.7227,0.3613,True,257.23012645873155,257.23012645873155,264.7077670509493
2021,2021-09-27,Crystal Palace,Brighton,BTTS Yes,0.6239,2.3,0.3346,0.1891,True,283.98205961043965,283.98205961043965,292.23737482424804
2021,2021-10-02,Man United,Everton,BTTS Yes,0.6798,1.8,0.2795,0.1242,True,302.1569114255078,302.1569114255078,308.5734440769235
2021,2021-10-02,Leeds,Watford,BTTS Yes,0.7683,1.66,0.4174,0.1659,False,277.9843585114672,277.9843585114672,283.88756855076963
2021,2021-10-03,Crystal Palace,Leicester,BTTS Yes,0.7905,2.0,0.5811,0.2905,True,300.22310719238453,300.22310719238453,306.5985740348312
2021,2021-10-16,Leicester,Man United,BTTS Yes,0.7493,1.72,0.4012,0.1679,True,317.5159581666659,317.5159581666659,324.25865189923746
2021,2021-10-17,Everton,West Ham,BTTS Yes,0.7185,1.9,0.4058,0.1922,False,292.1146815133326,292.1146815133326,298.31795974729846
2021,2021-10-17,Newcastle,Tottenham,BTTS Yes,0.7372,1.8,0.4088,0.1817,True,310.8100211301859,310.8100211301859,317.41030917112556
2021,2021-10-23,Crystal Palace,Newcastle,BTTS Yes,0.7111,1.9,0.3902,0.1848,True,333.18834265155925,333.18834265155925,340.2638514314466
2021,2021-10-30,Tottenham,Man United,BTTS Yes,0.7359,1.72,0.3692,0.1545,False,306.5332752394345,306.5332752394345,313.04274331693085
2021,2021-10-30,Leicester,Arsenal,BTTS Yes,0.7098,1.8,0.347,0.1542,False,282.0106132202797,282.0106132202797,287.9993238515764
2021,2021-11-01,Wolves,Everton,BTTS Yes,0.5831,2.3,0.2624,0.1483,True,311.3397169951888,311.3397169951888,312.5599061896388
2021,2021-11-27,Crystal Palace,Aston Villa,BTTS Yes,0.6795,2.07,0.3801,0.1965,True,337.99039676997694,337.99039676997694,339.3150341594719
2021,2021-11-28,Brentford,Everton,BTTS Yes,0.6689,2.1,0.3678,0.1927,False,310.9511650283788,310.9511650283788,312.16983142671415
2021,2021-12-04,Newcastle,Burnley,BTTS Yes,0.6312,1.96,0.2471,0.121,False,286.0750718261085,286.0750718261085,292.8855400903289
2021,2021-12-05,Aston Villa,Leicester,BTTS Yes,0.8105,1.9,0.6,0.2842,True,306.6724769975883,306.6724769975883,313.9732989768326
2021,2021-12-05,Man United,Crystal Palace,BTTS Yes,0.7398,1.8,0.4146,0.1843,False,282.13867883778124,282.13867883778124,288.855435058686
2021,2021-12-10,Brentford,Watford,BTTS Yes,0.8095,2.01,0.6209,0.312,True,304.935484087874,304.935484087874,312.19495421142784
2021,2021-12-26,Aston Villa,Chelsea,BTTS Yes,0.614,2.05,0.2464,0.1262,True,330.5500647512554,330.5500647512554,332.387723849823
2021,2021-12-26,Tottenham,Crystal Palace,BTTS Yes,0.655,1.95,0.2918,0.1422,False,304.10605957115496,304.10605957115496,308.1400393949784
2021,2021-12-28,Watford,West Ham,BTTS Yes,0.7604,1.72,0.4275,0.179,True,321.6225686024535,321.6225686024535,325.88890566412914
2021,2022-01-01,Watford,Tottenham,BTTS Yes,0.7024,1.72,0.2892,0.121,False,295.8927631142572,295.8927631142572,302.3271377846126
2021,2022-01-01,Crystal Palace,West Ham,BTTS Yes,0.7388,1.87,0.4387,0.2041,True,316.4868994270095,316.4868994270095,323.36910657442166
2021,2022-01-02,Chelsea,Liverpool,BTTS Yes,0.6669,1.83,0.2656,0.1205,True,337.50162954896297,337.50162954896297,341.19062477595116
2021,2022-01-02,Brentford,Aston Villa,BTTS Yes,0.6368,2.0,0.2736,0.1368,True,364.50175991288,364.50175991288,364.5280635106262
2021,2022-01-11,Southampton,Brentford,BTTS Yes,0.6605,2.06,0.3403,0.1751,True,395.4115091534922,395.4115091534922,395.4400432963273
2021,2022-01-14,Brighton,Crystal Palace,BTTS Yes,0.5844,2.2,0.2381,0.1299,True,433.37101403222744,433.37101403222744,423.68632558898395
2021,2022-01-15,Newcastle,Watford,BTTS Yes,0.7184,1.8,0.3664,0.1628,True,461.10675893028997,461.10675893028997,450.80225042667894
2021,2022-01-22,Man United,West Ham,BTTS Yes,0.7519,1.66,0.3759,0.1495,False,424.2182182158668,424.2182182158668,414.7380703925446
2021,2022-01-23,Leicester,Brighton,BTTS Yes,0.6492,1.98,0.2912,0.1441,True,457.47692652399076,457.47692652399076,444.3271432866303
2021,2022-02-05,Burnley,Watford,BTTS Yes,0.6243,2.1,0.2828,0.1481,False,420.8787724020715,420.8787724020715,412.9132142562655
2021,2022-02-12,Everton,Leeds,BTTS Yes,0.7831,1.66,0.4544,0.1807,False,387.20847060990576,387.20847060990576,379.8801571157643
2021,2022-02-12,Brentford,Crystal Palace,BTTS Yes,0.6422,2.3,0.367,0.2074,False,356.2317929611133,356.2317929611133,349.4897445465032
2021,2022-02-13,Newcastle,Aston Villa,BTTS Yes,0.6853,1.85,0.3151,0.1448,False,327.7332495242242,327.7332495242242,321.9586899198524
2021,2022-02-13,Leicester,West Ham,BTTS Yes,0.8454,1.66,0.6111,0.243,True,345.03756509910323,345.03756509910323,338.9581087476206
2021,2022-02-19,Southampton,Everton,BTTS Yes,0.7558,1.72,0.4165,0.1744,False,317.43455989117496,317.43455989117496,311.8414600478109
2021,2022-02-19,Crystal Palace,Chelsea,BTTS Yes,0.6206,2.05,0.2593,0.1328,False,292.03979509988096,292.03979509988096,291.6263374002116
2021,2022-02-26,Leeds,Tottenham,BTTS Yes,0.8311,1.61,0.5542,0.21,False,268.67661149189047,268.67661149189047,268.2962304081947
2021,2022-03-05,Leicester,Leeds,BTTS Yes,0.8085,1.53,0.4473,0.1549,False,247.18248257253924,247.18248257253924,246.8325319755391
2021,2022-03-13,West Ham,Aston Villa,BTTS Yes,0.6258,2.01,0.2553,0.1283,True,267.1548271644004,267.1548271644004,262.74415919241125
2021,2022-03-13,Leeds,Norwich,BTTS Yes,0.7537,1.66,0.3806,0.1513,True,281.2606020386807,281.2606020386807,276.61705079777056
2021,2022-03-16,Brighton,Tottenham,BTTS Yes,0.6416,2.0,0.2833,0.1416,False,258.7597538755862,258.7597538755862,257.02564817501843
2021,2022-03-20,Leicester,Brentford,BTTS Yes,0.6449,1.91,0.2547,0.1213,True,277.5974639577289,277.5974639577289,271.91880658928375
2021,2022-03-20,Tottenham,West Ham,BTTS Yes,0.7093,1.72,0.3056,0.1279,True,293.5870778816941,293.5870778816941,286.8765163021471
2021,2022-04-02,Leeds,Southampton,BTTS Yes,0.7501,1.61,0.3404,0.129,True,307.91412728232075,307.91412728232075,300.87609029769186
2021,2022-04-02,Wolves,Aston Villa,BTTS Yes,0.5444,2.37,0.2118,0.1224,True,341.6615156324631,341.6615156324631,322.7020932020219
2021,2022-04-09,Aston Villa,Tottenham,BTTS Yes,0.722,1.86,0.3987,0.1844,False,314.328594381866,314.328594381866,296.88592574586016
2021,2022-04-23,Arsenal,Man United,BTTS Yes,0.7329,1.81,0.4032,0.1804,True,334.6970872978109,334.6970872978109,316.1241337341919
2021,2022-04-28,Man United,Chelsea,BTTS Yes,0.7199,1.86,0.3941,0.1822,True,357.72424690390034,357.72424690390034,337.8734741351043
2022,2022-08-06,Bournemouth,Aston Villa,BTTS Yes,0.6563,2.0,0.3126,0.1563,False,329.10630715158834,329.10630715158834,311.4686621314459
2022,2022-08-06,Leeds,Wolves,BTTS Yes,0.6231,2.05,0.2642,0.1353,True,356.75123695232173,356.75123695232173,333.069792521917
2022,2022-08-06,Everton,Chelsea,BTTS Yes,0.7404,2.02,0.4858,0.2453,False,328.211137996136,328.211137996136,306.42420912016365
2022,2022-08-13,Arsenal,Leicester,BTTS Yes,0.7862,1.66,0.4623,0.1838,True,345.540686082332,345.540686082332,322.60340736170826
2022,2022-08-20,Bournemouth,Arsenal,BTTS Yes,0.7851,1.72,0.4866,0.2037,False,317.8974311957454,317.8974311957454,296.7951347727716
2022,2022-08-27,Brentford,Everton,BTTS Yes,0.6241,2.06,0.2694,0.1386,True,344.8551333611446,344.8551333611446,317.9836362393345
2022,2022-08-30,Crystal Palace,Brentford,BTTS Yes,0.6707,2.1,0.3713,0.1945,True,375.20238509692535,375.20238509692535,345.9661962283959
2022,2022-08-31,Bournemouth,Wolves,BTTS Yes,0.6597,2.1,0.3504,0.1835,False,345.18619428917134,345.18619428917134,318.28890053012424
2022,2022-09-18,Brentford,Arsenal,BTTS Yes,0.859,1.66,0.6454,0.2566,False,317.57129874603766,317.57129874603766,292.8257884877143
2022,2022-10-01,Bournemouth,Brentford,BTTS Yes,0.7335,2.02,0.4723,0.2385,False,292.1655948463546,292.1655948463546,269.3997254086972
2022,2022-10-03,Leicester,Nott'm Forest,BTTS Yes,0.7825,1.66,0.453,0.1801,False,268.79234725864626,268.79234725864626,247.8477473760014
2022,2022-10-08,Brighton,Tottenham,BTTS Yes,0.7136,1.88,0.3882,0.1817,False,247.28895947795456,247.28895947795456,228.01992758592127
2022,2022-10-08,Bournemouth,Leicester,BTTS Yes,0.8023,1.8,0.5553,0.2468,True,263.11545288454363,263.11545288454363,242.61320295142022
2022,2022-10-09,Arsenal,Liverpool,BTTS Yes,0.7983,1.57,0.4443,0.1613,True,275.1135175360788,275.1135175360788,253.67636500600497
2022,2022-10-14,Brentford,Brighton,BTTS Yes,0.7331,1.97,0.4579,0.2255,False,253.1044361331925,253.1044361331925,233.38225580552458
2022,2022-10-15,Leicester,Crystal Palace,BTTS Yes,0.8296,1.89,0.6382,0.3005,False,232.8560812425371,232.8560812425371,214.7116753410826
2022,2022-10-15,Fulham,Bournemouth,BTTS Yes,0.7409,1.96,0.4711,0.2307,True,250.73942828196394,250.73942828196394,231.20153200727776
2022,2022-10-16,Liverpool,Man City,BTTS Yes,0.8878,1.44,0.6328,0.1934,False,230.68027401940682,230.68027401940682,212.70540944669554
2022,2022-10-19,Brentford,Chelsea,BTTS Yes,0.7323,1.88,0.4282,0.2004,False,212.22585209785427,212.22585209785427,195.6889766909599
2022,2022-10-20,Leicester,Leeds,BTTS Yes,0.7654,1.72,0.4395,0.184,False,195.24778393002592,195.24778393002592,180.0338585556831
2022,2022-10-23,Leeds,Fulham,BTTS Yes,0.7053,1.72,0.2959,0.1239,True,206.4940562843954,206.4940562843954,189.6228219300759
2022,2022-11-06,Tottenham,Liverpool,BTTS Yes,0.7407,1.66,0.3477,0.1382,True,217.3969424562115,217.3969424562115,199.6349069279839
2022,2022-11-13,Brighton,Aston Villa,BTTS Yes,0.6513,1.96,0.288,0.1411,True,234.09302763684855,234.09302763684855,213.43367169484614
2022,2022-12-26,Brentford,Tottenham,BTTS Yes,0.8015,1.8,0.5535,0.246,True,249.07498140560685,249.07498140560685,227.0934266833163
2022,2022-12-31,Brighton,Arsenal,BTTS Yes,0.7014,1.89,0.366,0.1723,True,266.80912008168605,266.80912008168605,243.26247866316842
2022,2023-01-01,Tottenham,Aston Villa,BTTS Yes,0.7453,1.8,0.4269,0.1897,False,245.46439047515116,245.46439047515116,223.80148037011494
2022,2023-01-13,Aston Villa,Leeds,BTTS Yes,0.7702,1.8,0.483,0.2147,True,261.1741114655608,261.1741114655608,238.1247751138023
2022,2023-01-14,Brentford,Bournemouth,BTTS Yes,0.712,1.8,0.352,0.1564,False,240.28018254831596,240.28018254831596,219.0747931046981
2022,2023-01-21,Southampton,Aston Villa,BTTS Yes,0.6202,2.1,0.275,0.1441,False,221.0577679444507,221.0577679444507,204.01340107875012
2022,2023-02-05,Tottenham,Man City,BTTS Yes,0.7711,1.67,0.4295,0.1723,False,203.37314650889462,203.37314650889462,187.69232899245011
2022,2023-02-11,Leicester,Tottenham,BTTS Yes,0.7683,1.73,0.4509,0.1903,True,215.25013826501407,215.25013826501407,198.6535610056092
2022,2023-02-12,Leeds,Man United,BTTS Yes,0.7573,1.67,0.395,0.1585,False,198.03012720381295,198.03012720381295,182.76127612516046
2022,2023-02-18,Aston Villa,Arsenal,BTTS Yes,0.6966,2.02,0.3991,0.2015,True,214.18938558364408,214.18938558364408,197.67459625697356
2022,2023-02-25,Leicester,Arsenal,BTTS Yes,0.7645,1.67,0.413,0.1657,False,197.05423473695257,197.05423473695257,181.86062855641566
2022,2023-02-25,Everton,Aston Villa,BTTS Yes,0.5944,2.3,0.2825,0.1597,False,181.28989595799635,181.28989595799635,169.0167216646188
2022,2023-03-04,Brighton,West Ham,BTTS Yes,0.6695,1.95,0.3215,0.1566,False,166.78670428135663,166.78670428135663,155.4953839314493
2022,2023-03-12,West Ham,Aston Villa,BTTS Yes,0.6966,2.08,0.4156,0.2158,True,181.19707553126585,181.19707553126585,168.93018510312652
2022,2023-04-01,Nott'm Forest,Wolves,BTTS Yes,0.554,2.38,0.2309,0.1339,True,201.2012326699176,201.2012326699176,182.38724811353413
2022,2023-04-04,Leicester,Aston Villa,BTTS Yes,0.7444,1.99,0.4861,0.2419,True,217.13637029737507,217.13637029737507,196.83231816412604
2022,2023-04-08,Tottenham,Brighton,BTTS Yes,0.674,1.85,0.2906,0.1335,True,231.90164347759656,231.90164347759656,208.98720589155624
2022,2023-04-08,Leicester,Bournemouth,BTTS Yes,0.6596,1.88,0.2728,0.1277,False,213.34951199938882,213.34951199938882,194.7342784497521
2022,2023-04-15,Aston Villa,Newcastle,BTTS Yes,0.6476,2.07,0.3183,0.1646,False,196.28155103943772,196.28155103943772,179.23829824211307
2022,2023-04-16,West Ham,Arsenal,BTTS Yes,0.7026,1.8,0.3308,0.147,True,208.84357030596172,208.84357030596172,190.7095493296083
2022,2023-04-23,Newcastle,Tottenham,BTTS Yes,0.7039,1.86,0.3595,0.1662,True,223.21200794301188,223.21200794301188,203.83036632348535
2022,2023-04-23,Bournemouth,West Ham,BTTS Yes,0.6423,2.1,0.317,0.1661,False,205.35504730757094,205.35504730757094,187.67680979234913
2022,2023-04-26,Man City,Arsenal,BTTS Yes,0.8058,1.62,0.4925,0.1885,True,215.54065765402646,215.54065765402646,196.98557955804966
2022,2023-04-27,Tottenham,Man United,BTTS Yes,0.7445,1.67,0.3632,0.1457,True,227.09363690428228,227.09363690428228,207.54400662236114
2022,2023-04-30,Bournemouth,Leeds,BTTS Yes,0.7894,1.8,0.5263,0.2339,True,241.62762966615634,241.62762966615634,220.82682304619226
2022,2023-05-06,Tottenham,Crystal Palace,BTTS Yes,0.8295,1.73,0.5959,0.2515,False,222.29741929286382,222.29741929286382,203.16067720249688
2022,2023-05-07,Newcastle,Arsenal,BTTS Yes,0.9144,1.62,0.7762,0.2971,False,204.5136257494347,204.5136257494347,186.90782302629714
2022,2023-05-08,Nott'm Forest,Southampton,BTTS Yes,0.6638,2.03,0.3373,0.1711,True,221.36554851118814,221.36554851118814,202.30902764366402
2022,2023-05-13,Southampton,Fulham,BTTS Yes,0.7614,1.91,0.4992,0.2379,False,203.65630463029308,203.65630463029308,186.1243054321709
2022,2023-05-13,Leeds,Newcastle,BTTS Yes,0.7999,1.62,0.4773,0.1827,True,213.7576573399556,213.7576573399556,195.3560709816066
2022,2023-05-13,Chelsea,Nott'm Forest,BTTS Yes,0.6836,1.86,0.3156,0.1459,True,228.46418416494456,228.46418416494456,208.61176182199253
2022,2023-05-13,Crystal Palace,Bournemouth,BTTS Yes,0.6555,1.94,0.289,0.14,False,210.187049431749,210.187049431749,193.53956203035358
2022,2023-05-14,Arsenal,Brighton,BTTS Yes,0.8987,1.53,0.7075,0.2451,False,193.37208547720905,193.37208547720905,178.0563970679253
2022,2023-05-14,Brentford,West Ham,BTTS Yes,0.6342,2.0,0.2684,0.1342,False,177.90231863903233,177.90231863903233,166.10881282466752
2022,2023-05-18,Newcastle,Brighton,BTTS Yes,0.8477,1.62,0.6021,0.2304,True,186.72627364352834,186.72627364352834,174.34780994077104
2022,2023-05-20,Tottenham,Brentford,BTTS Yes,0.7689,1.73,0.4523,0.1909,True,197.6310880243104,197.6310880243104,184.52972204131208
2022,2023-05-20,Fulham,Crystal Palace,BTTS Yes,0.6811,2.05,0.3774,0.1933,True,214.23209941835248,214.23209941835248,200.03021869278228
2022,2023-05-20,Wolves,Everton,BTTS Yes,0.6817,2.1,0.3924,0.2056,True,233.0845241671675,233.0845241671675,217.63287793774714
2022,2023-05-20,Nott'm Forest,Arsenal,BTTS Yes,0.8767,1.57,0.6604,0.2398,False,214.4377622337941,214.4377622337941,200.22224770272737
2022,2023-05-21,West Ham,Leeds,BTTS Yes,0.8542,1.8,0.672,0.2986,True,228.16177901675692,228.16177901675692,213.03647155570192
2022,2023-05-28,Leeds,Tottenham,BTTS Yes,0.9116,1.5,0.7349,0.245,True,237.2882501774272,237.2882501774272,221.55793041793
2022,2023-05-28,Crystal Palace,Nott'm Forest,BTTS Yes,0.752,1.67,0.3818,0.1532,True,250.00690038693728,250.00690038693728,233.43343548833104
2022,2023-05-28,Leicester,West Ham,BTTS Yes,0.7703,1.67,0.4274,0.1715,True,263.4072702476771,263.4072702476771,245.9454676305056
2023,2023-08-12,Everton,Fulham,BTTS Yes,0.6786,2.01,0.3605,0.1811,False,242.33468862786293,242.33468862786293,226.26983022006513
2023,2023-08-12,Bournemouth,West Ham,BTTS Yes,0.6483,1.9,0.2575,0.122,True,259.78278620906906,259.78278620906906,239.37933850844016
2023,2023-08-12,Arsenal,Nott'm Forest,BTTS Yes,0.8298,1.44,0.4429,0.1353,True,268.92714028362826,268.92714028362826,247.80549122393725
2023,2023-08-20,West Ham,Chelsea,BTTS Yes,0.6563,1.96,0.2984,0.1461,True,289.5807446574109,289.5807446574109,265.55232928343077
2023,2023-08-21,Crystal Palace,Arsenal,BTTS Yes,0.7095,1.94,0.4004,0.194,False,266.414285084818,266.414285084818,244.3081429407563
2023,2023-08-25,Chelsea,Luton,BTTS Yes,0.7563,1.67,0.3925,0.1575,False,245.10114227803257,245.10114227803257,224.7634915054958
2023,2023-08-26,Bournemouth,Tottenham,BTTS Yes,0.8148,1.53,0.4653,0.1612,False,225.49305089578996,225.49305089578996,206.78241218505613
2023,2023-08-26,Brighton,West Ham,BTTS Yes,0.8181,1.5,0.4544,0.1515,True,234.51277293162156,234.51277293162156,215.05370867245838
2023,2023-08-27,Newcastle,Liverpool,BTTS Yes,0.7901,1.5,0.3704,0.1235,True,243.89328384888643,243.89328384888643,223.65585701935672
2023,2023-09-02,Brighton,Newcastle,BTTS Yes,0.7986,1.5,0.3958,0.1319,True,253.6490152028419,253.6490152028419,232.60209130013098
2023,2023-09-02,Chelsea,Nott'm Forest,BTTS Yes,0.7818,1.62,0.4299,0.1645,False,233.35709398661453,233.35709398661453,213.9939239961205
2023,2023-09-18,Nott'm Forest,Burnley,BTTS Yes,0.6475,1.92,0.2643,0.1267,True,250.53217610402936,250.53217610402936,227.00240064192064
2023,2023-09-23,Crystal Palace,Fulham,BTTS Yes,0.6926,2.0,0.3853,0.1926,False,230.48960201570702,230.48960201570702,208.842208590567
2023,2023-10-08,Brighton,Liverpool,BTTS Yes,0.8611,1.36,0.4751,0.1258,True,237.12770255375938,237.12770255375938,214.85686419797534
2023,2023-10-22,Aston Villa,West Ham,BTTS Yes,0.7887,1.57,0.4179,0.1517,True,247.94072579021082,247.94072579021082,224.654337205403
2023,2023-11-04,Newcastle,Arsenal,BTTS Yes,0.6763,1.95,0.3356,0.1635,False,228.10546772699396,228.10546772699396,206.68199022897076
2023,2023-11-25,Newcastle,Chelsea,BTTS Yes,0.6727,1.86,0.2922,0.1351,True,243.79912390661116,243.79912390661116,219.66637290112538
2023,2023-11-25,Sheffield United,Bournemouth,BTTS Yes,0.6684,1.85,0.2784,0.1279,True,260.37746433226073,260.37746433226073,232.66183552195596
2023,2023-12-03,West Ham,Crystal Palace,BTTS Yes,0.6872,2.04,0.3864,0.197,True,282.0408693647048,282.0408693647048,252.0193002373827
2023,2023-12-03,Chelsea,Brighton,BTTS Yes,0.802,1.53,0.4285,0.1484,True,293.9994022257683,293.9994022257683,262.70491856744775
2023,2023-12-05,Wolves,Burnley,BTTS Yes,0.6591,2.05,0.3344,0.1713,False,270.4794500477068,270.4794500477068,241.68852508205194
2023,2023-12-06,Aston Villa,Man City,BTTS Yes,0.799,1.53,0.4199,0.1454,False,248.84109404389025,248.84109404389025,222.35344307548777
2023,2023-12-06,Brighton,Brentford,BTTS Yes,0.7434,1.62,0.3296,0.1262,True,261.1836123084672,261.1836123084672,233.38217385203197
2023,2023-12-10,Everton,Chelsea,BTTS Yes,0.7402,1.75,0.3938,0.1688,False,240.28892332378985,240.28892332378985,214.7115999438694
2023,2023-12-10,Fulham,West Ham,BTTS Yes,0.7587,1.9,0.4907,0.2324,False,221.06580945788664,221.06580945788664,197.53467194835986
2023,2023-12-16,Newcastle,Fulham,BTTS Yes,0.7749,1.7,0.4532,0.1866,False,203.3805447012557,203.3805447012557,181.73189819249106
2023,2023-12-17,West Ham,Wolves,BTTS Yes,0.7263,1.95,0.4383,0.2135,False,187.11010112515524,187.11010112515524,167.19334633709178
2023,2023-12-23,Fulham,Burnley,BTTS Yes,0.6846,1.92,0.3418,0.1638,False,172.1412930351428,172.1412930351428,153.81787863012443
2023,2023-12-23,Luton,Newcastle,BTTS Yes,0.6971,1.75,0.2932,0.1257,False,158.3699895923314,158.3699895923314,142.5430281265363
2023,2023-12-23,Nott'm Forest,Bournemouth,BTTS Yes,0.6853,1.95,0.3541,0.1725,True,170.40610880134858,170.40610880134858,153.37629826415306
2023,2023-12-24,Wolves,Chelsea,BTTS Yes,0.8067,1.86,0.5819,0.2691,True,182.13004908688137,182.13004908688137,163.92858758472678
2023,2023-12-26,Bournemouth,Fulham,BTTS Yes,0.8381,1.73,0.6164,0.2601,False,167.55964515993085,167.55964515993085,150.81430057794864
2023,2023-12-27,Brentford,Wolves,BTTS Yes,0.6359,2.03,0.2824,0.1433,True,181.36655992110914,181.36655992110914,161.7812148873759
2023,2023-12-27,Chelsea,Crystal Palace,BTTS Yes,0.7579,1.91,0.4919,0.2344,True,194.5700454833659,194.5700454833659,173.55888733117686
2023,2023-12-30,Wolves,Everton,BTTS Yes,0.621,2.05,0.26,0.1332,False,179.00444184469663,179.00444184469663,162.27755965465036
2023,2023-12-30,Crystal Palace,Brentford,BTTS Yes,0.6418,2.15,0.3304,0.1767,True,195.4728504944087,195.4728504944087,177.2070951428782
2023,2023-12-30,Luton,Chelsea,BTTS Yes,0.8309,1.65,0.5708,0.2249,True,205.63743872011796,205.63743872011796,186.42186409030785
2023,2023-12-31,Tottenham,Bournemouth,BTTS Yes,0.8472,1.4,0.4653,0.1329,True,212.21783675916174,212.21783675916174,192.3873637411977
2023,2023-12-31,Fulham,Arsenal,BTTS Yes,0.7,1.73,0.289,0.1219,True,224.61135842589678,224.61135842589678,202.53435427331783
2023,2024-01-12,Burnley,Luton,BTTS Yes,0.6991,1.99,0.3952,0.1966,True,242.4005780132278,242.4005780132278,218.5750751317646
2023,2024-01-13,Chelsea,Fulham,BTTS Yes,0.895,1.62,0.7256,0.2777,False,223.0085317721696,223.0085317721696,201.08906912122345
2023,2024-01-13,Newcastle,Man City,BTTS Yes,0.7457,1.6,0.3218,0.1207,True,233.71294129723373,233.71294129723373,210.74134443904217
2023,2024-01-20,Brentford,Nott'm Forest,BTTS Yes,0.7257,1.86,0.4067,0.188,True,249.7923916584834,249.7923916584834,225.24034893644827
2023,2024-01-30,Fulham,Everton,BTTS Yes,0.7132,2.05,0.4401,0.2254,False,229.80900032580473,229.80900032580473,207.2211210215324
2023,2024-01-30,Crystal Palace,Sheffield United,BTTS Yes,0.6036,2.08,0.2366,0.1229,True,249.66449795395425,249.66449795395425,220.45882067462995
2023,2024-02-01,West Ham,Bournemouth,BTTS Yes,0.7392,1.62,0.3184,0.1219,True,262.04785705247036,262.04785705247036,231.33890439256427
2023,2024-02-03,Newcastle,Luton,BTTS Yes,0.8245,1.57,0.5165,0.1875,True,273.997239334063,273.997239334063,241.88795843286522
2023,2024-02-03,Burnley,Fulham,BTTS Yes,0.6792,1.99,0.3552,0.1767,True,295.6978206893208,295.6978206893208,261.0454847407481
2023,2024-02-04,Chelsea,Wolves,BTTS Yes,0.7367,1.7,0.3604,0.1484,True,312.25689864792275,312.25689864792275,275.66403188623
2023,2024-02-10,Fulham,Bournemouth,BTTS Yes,0.7376,1.73,0.3782,0.1596,True,330.49270152896145,330.49270152896145,291.76281134838587
2023,2024-02-10,Nott'm Forest,Newcastle,BTTS Yes,0.8008,1.7,0.5163,0.2126,True,349.0002928145833,349.0002928145833,308.10152878389545
2023,2024-02-12,Crystal Palace,Chelsea,BTTS Yes,0.7785,1.86,0.5209,0.2409,True,373.01151296022664,373.01151296022664,329.29891396422744
2023,2024-02-17,Nott'm Forest,West Ham,BTTS Yes,0.7197,1.89,0.4048,0.1906,False,343.1705919234085,343.1705919234085,302.95500084708925
2023,2024-02-17,Newcastle,Bournemouth,BTTS Yes,0.858,1.48,0.5622,0.1823,True,356.34834265326737,356.34834265326737,314.5884728796175
2023,2024-02-18,Luton,Man United,BTTS Yes,0.853,1.57,0.5951,0.2161,True,372.5978270782564,372.5978270782564,328.93370724292805
2023,2024-02-24,Crystal Palace,Burnley,BTTS Yes,0.706,2.1,0.4388,0.2298,False,342.7900009119959,342.7900009119959,302.6190106634938
2023,2024-03-02,Newcastle,Wolves,BTTS Yes,0.8529,1.57,0.5949,0.216,False,315.3668008390362,315.3668008390362,278.4094898104143
2023,2024-03-02,Tottenham,Crystal Palace,BTTS Yes,0.7997,1.53,0.4218,0.1461,True,328.73835319461136,328.73835319461136,290.2140521783759
2023,2024-03-02,Luton,Aston Villa,BTTS Yes,0.8425,1.44,0.4844,0.148,True,340.3099432270617,340.3099432270617,300.42958681505473
2023,2024-03-02,Brentford,Chelsea,BTTS Yes,0.7853,1.53,0.3803,0.1318,True,354.7390848198891,354.7390848198891,313.16780129601307
2023,2024-03-09,Crystal Palace,Luton,BTTS Yes,0.8699,1.75,0.6963,0.2984,True,376.02342990908244,376.02342990908244,331.95786937377386
2023,2024-03-11,Chelsea,Newcastle,BTTS Yes,0.8719,1.44,0.5809,0.1775,True,389.25945464188214,389.25945464188214,343.6427863757307
2023,2024-03-16,Luton,Nott'm Forest,BTTS Yes,0.8444,1.67,0.6122,0.2456,True,410.12376141068705,410.12376141068705,362.06203972546984
2023,2024-03-16,Burnley,Brentford,BTTS Yes,0.7418,1.75,0.3975,0.1704,True,434.73118709532827,434.73118709532827,383.78576210899803
2023,2024-03-17,West Ham,Aston Villa,BTTS Yes,0.803,1.57,0.4573,0.166,True,454.55492922687523,454.55492922687523,401.28639286116834
2023,2024-03-30,Nott'm Forest,Crystal Palace,BTTS Yes,0.7199,2.08,0.4605,0.2391,True,493.8284751120773,493.8284751120773,435.9575372043733
2023,2024-03-30,Newcastle,West Ham,BTTS Yes,0.8651,1.5,0.5953,0.1984,True,513.5816141165603,513.5816141165603,453.39583869254824
2023,2024-03-30,Brentford,Man United,BTTS Yes,0.8009,1.53,0.4253,0.1473,True,535.3574745551025,535.3574745551025,472.61982225311226
2023,2024-03-30,Aston Villa,Wolves,BTTS Yes,0.7744,1.57,0.3786,0.1374,False,492.52887659069427,492.52887659069427,434.81023647286327
2023,2024-04-02,Bournemouth,Crystal Palace,BTTS Yes,0.7548,1.73,0.419,0.1768,False,453.12656646343873,453.12656646343873,400.0254175550342
2023,2024-04-06,Fulham,Newcastle,BTTS Yes,0.8684,1.5,0.6051,0.2017,False,416.8764411463636,416.8764411463636,368.0233841506315
2023,2024-04-06,Wolves,West Ham,BTTS Yes,0.7133,1.8,0.355,0.1578,True,443.55653337973087,443.55653337973087,391.5768807362719
2023,2024-04-07,Sheffield United,Chelsea,BTTS Yes,0.8639,1.4,0.5237,0.1496,True,457.75034244788225,457.75034244788225,404.1073409198326
2023,2024-04-13,Newcastle,Tottenham,BTTS Yes,0.862,1.36,0.4785,0.1267,False,421.1303150520517,421.1303150520517,371.778753646246
2023,2024-04-14,West Ham,Fulham,BTTS Yes,0.7909,1.67,0.4787,0.1921,False,387.43988984788757,387.43988984788757,342.0364533545463
2023,2024-04-21,Crystal Palace,West Ham,BTTS Yes,0.7325,1.8,0.3982,0.177,True,412.23604279815237,412.23604279815237,363.9267863692373
2023,2024-04-24,Crystal Palace,Newcastle,BTTS Yes,0.8285,1.57,0.5276,0.1916,False,379.25715937430016,379.25715937430016,334.8126434596983
2023,2024-04-27,Aston Villa,Chelsea,BTTS Yes,0.9198,1.44,0.7377,0.2254,True,392.6070113842755,392.6070113842755,346.59804850947967
2023,2024-05-05,Chelsea,West Ham,BTTS Yes,0.8958,1.4,0.6352,0.1815,False,361.19845047353346,361.19845047353346,318.8702046287213
2024,2024-08-17,West Ham,Aston Villa,BTTS Yes,0.8267,1.57,0.5226,0.1897,True,377.6690998151266,377.6690998151266,333.410685959791
2024,2024-08-24,Southampton,Nott'm Forest,BTTS Yes,0.7471,2.01,0.4967,0.2496,False,347.45557182991644,347.45557182991644,306.73783108300773
2024,2024-08-31,Leicester,Aston Villa,BTTS Yes,0.7581,1.67,0.3971,0.1593,True,366.07919047999997,366.07919047999997,323.178978829057
2024,2024-09-01,Chelsea,Crystal Palace,BTTS Yes,0.83,1.5,0.4901,0.1634,True,380.72235809919994,380.72235809919994,336.10613798221925
2024,2024-09-28,Brentford,West Ham,BTTS Yes,0.7209,1.67,0.3043,0.1221,True,401.12907649331703,401.12907649331703,353.23755186170746
2024,2024-11-04,Fulham,Brentford,BTTS Yes,0.8098,1.67,0.5259,0.211,True,422.6295949933588,422.6295949933588,372.171084641495
2024,2024-11-23,Everton,Brentford,BTTS Yes,0.7059,1.86,0.3639,0.1683,False,388.8192273938901,388.8192273938901,342.3973978701754
2024,2024-11-30,Brentford,Leicester,BTTS Yes,0.7893,1.57,0.4196,0.1524,True,406.5493841630515,406.5493841630515,358.0107192130554
2024,2024-11-30,Wolves,Bournemouth,BTTS Yes,0.766,1.67,0.4167,0.1672,True,428.3404311541911,428.3404311541911,377.20009376287516
2024,2024-12-03,Leicester,West Ham,BTTS Yes,0.7506,1.73,0.4089,0.1725,True,453.35551233359587,453.35551233359587,399.22857923862705
2024,2024-12-04,Aston Villa,Brentford,BTTS Yes,0.837,1.57,0.5511,0.2001,True,474.0285236960078,474.0285236960078,417.4334024519084
2024,2024-12-08,Leicester,Brighton,BTTS Yes,0.799,1.57,0.4463,0.162,True,495.64422437654576,495.64422437654576,436.4683656037154
2024,2024-12-08,Fulham,Arsenal,BTTS Yes,0.7478,1.8,0.4326,0.1923,True,527.3654547366447,527.3654547366447,464.40234100235324
2024,2024-12-09,West Ham,Wolves,BTTS Yes,0.8625,1.62,0.6408,0.2453,True,553.5227812915822,553.5227812915822,487.43669711607
2024,2024-12-14,Wolves,Ipswich,BTTS Yes,0.7906,1.73,0.5038,0.2126,True,585.8485117190106,585.8485117190106,515.9030002276485
2024,2024-12-21,Brentford,Nott'm Forest,BTTS Yes,0.8188,1.73,0.5707,0.2408,False,538.9806307814897,538.9806307814897,474.6307602094366
2024,2024-12-22,Leicester,Wolves,BTTS Yes,0.8612,1.67,0.654,0.2624,False,495.86218031897056,495.86218031897056,436.6602993926816
2024,2024-12-26,Nott'm Forest,Tottenham,BTTS Yes,0.8039,1.5,0.4117,0.1372,False,456.1932058934529,456.1932058934529,401.7274754412671
2024,2024-12-26,Wolves,Man United,BTTS Yes,0.7756,1.67,0.4407,0.1768,False,419.69774942197665,419.69774942197665,369.58927740596573
2024,2025-01-06,Wolves,Nott'm Forest,BTTS Yes,0.7197,2.1,0.4649,0.2435,False,386.1219294682185,386.1219294682185,340.02213521348847
2024,2025-01-14,Nott'm Forest,Liverpool,BTTS Yes,0.7681,1.62,0.394,0.1508,True,405.27357716984216,405.27357716984216,356.8872331200775
2024,2025-01-18,West Ham,Crystal Palace,BTTS Yes,0.7105,1.8,0.3485,0.1549,False,372.8516909962548,372.8516909962548,328.3362544704713
2024,2025-01-26,Fulham,Man United,BTTS Yes,0.6763,1.88,0.3084,0.1443,False,343.02355571655437,343.02355571655437,303.021529250798
2024,2025-02-15,Man City,Newcastle,BTTS Yes,0.8385,1.44,0.4714,0.144,False,315.58167125923,315.58167125923,278.7798069107341
2024,2025-02-15,Fulham,Nott'm Forest,BTTS Yes,0.6539,2.1,0.3392,0.1777,True,343.35285833004224,343.35285833004224,303.3124299188787
2024,2025-02-23,Newcastle,Nott'm Forest,BTTS Yes,0.7396,1.67,0.351,0.1408,True,361.7565715365325,361.7565715365325,319.5699761625306
2024,2025-02-26,Nott'm Forest,Arsenal,BTTS Yes,0.6886,2.2,0.4291,0.234,False,332.8160458136099,332.8160458136099,294.0043780695282
2024,2025-03-08,Nott'm Forest,Man City,BTTS Yes,0.7981,1.57,0.4439,0.1612,False,306.1907621485211,306.1907621485211,270.4840278239659
2024,2025-03-15,Ipswich,Nott'm Forest,BTTS Yes,0.6744,1.87,0.3001,0.1396,True,327.5016391940582,327.5016391940582,288.13899366708483
2024,2025-04-01,Nott'm Forest,Man United,BTTS Yes,0.787,1.95,0.5628,0.2742,False,301.30150805853356,301.30150805853356,265.08787417371803
2024,2025-04-05,Aston Villa,Nott'm Forest,BTTS Yes,0.7342,1.8,0.4019,0.1786,True,320.5848045742797,320.5848045742797,282.05349812083597
2024,2025-04-12,Nott'm Forest,Everton,BTTS Yes,0.7011,2.2,0.4521,0.2466,False,294.9380202083373,294.9380202083373,259.4892182711691
2024,2025-04-16,Newcastle,Crystal Palace,BTTS Yes,0.7709,1.73,0.4572,0.1929,False,271.3429785916703,271.3429785916703,238.73008080947557
2024,2025-04-19,Crystal Palace,Bournemouth,BTTS Yes,0.723,1.8,0.3767,0.1674,False,249.6355403043367,249.6355403043367,219.6316743447175
2024,2025-05-04,Brighton,Newcastle,BTTS Yes,0.883,1.53,0.6622,0.2294,True,260.22008721324056,260.22008721324056,228.94405733693353
2024,2025-05-05,Crystal Palace,Nott'm Forest,BTTS Yes,0.675,2.01,0.3532,0.1775,True,281.2458702600704,281.2458702600704,247.44273716975775
2024,2025-05-20,Crystal Palace,Wolves,BTTS Yes,0.62,2.02,0.2474,0.1249,True,304.19553327329214,304.19553327329214,263.0531571295863
2025,2025-08-16,Brighton,Fulham,BTTS Yes,0.7934,1.73,0.5104,0.2154,True,321.9605524164524,321.9605524164524,278.4154615059541
2025,2025-08-17,Nott'm Forest,Brentford,BTTS Yes,0.6415,2.0,0.283,0.1415,True,347.71739660976857,347.71739660976857,298.11335540750036
2025,2025-08-24,Crystal Palace,Nott'm Forest,BTTS Yes,0.6091,2.1,0.2538,0.1329,True,378.3165275114282,378.3165275114282,318.92017704816686
2025,2025-08-30,Sunderland,Brentford,BTTS Yes,0.6012,2.1,0.2386,0.125,True,411.6083819324339,411.6083819324339,339.84612446518236
2025,2025-08-31,Liverpool,Arsenal,BTTS Yes,0.7883,1.73,0.4983,0.2103,False,378.67971137783917,378.67971137783917,312.65843450796774
2025,2025-08-31,Nott'm Forest,West Ham,BTTS Yes,0.6655,1.98,0.3242,0.1605,False,348.38533446761204,348.38533446761204,287.6457597473303
2025,2025-09-13,West Ham,Tottenham,BTTS Yes,0.7473,1.8,0.4315,0.1918,False,320.5145077102031,320.5145077102031,264.6340989675439
2025,2025-09-14,Burnley,Liverpool,BTTS Yes,0.7979,1.53,0.4164,0.1443,False,294.8733470933868,294.8733470933868,243.46337105014038
2025,2025-09-20,Brighton,Tottenham,BTTS Yes,0.7464,1.67,0.3678,0.1476,True,310.67855849759235,310.67855849759235,256.5130077384279
2025,2025-09-20,Burnley,Nott'm Forest,BTTS Yes,0.6802,2.0,0.3605,0.1802,True,335.53284317739974,335.53284317739974,277.0340483575022
2025,2025-09-20,Wolves,Leeds,BTTS Yes,0.5574,2.3,0.2169,0.1226,True,370.4282588678493,370.4282588678493,296.5628710113434
2025,2025-09-20,Fulham,Brentford,BTTS Yes,0.694,2.0,0.388,0.194,True,400.06251957727727,400.06251957727727,320.2879006922509
2025,2025-09-27,Brentford,Man United,BTTS Yes,0.7313,1.67,0.3302,0.1325,True,421.50587062661936,421.50587062661936,337.45533216935553
2025,2025-10-04,Leeds,Tottenham,BTTS Yes,0.6444,1.95,0.2702,0.1316,True,453.5403167942424,453.5403167942424,359.1106844729935
2025,2025-10-18,Burnley,Leeds,BTTS Yes,0.739,2.2,0.5215,0.2845,False,417.257091450703,417.257091450703,330.381829715154
2025,2025-10-20,West Ham,Brentford,BTTS Yes,0.7224,1.9,0.4139,0.1961,False,383.87652413464673,383.87652413464673,303.95128333794173
2025,2025-10-24,Leeds,West Ham,BTTS Yes,0.671,2.1,0.372,0.1948,True,417.65765825849564,417.65765825849564,330.6989962716806
2025,2025-10-26,Wolves,Burnley,BTTS Yes,0.6469,2.3,0.3754,0.2122,True,461.0940547173792,461.0940547173792,365.09169188393537
2025,2025-11-01,Brighton,Leeds,BTTS Yes,0.692,1.85,0.3297,0.1515,False,424.2065303399889,424.2065303399889,335.8843565332205
2025,2025-11-08,West Ham,Burnley,BTTS Yes,0.7179,2.0,0.4358,0.2179,True,458.143052767188,458.143052767188,362.7551050558782
2025,2025-11-22,Brighton,Brentford,BTTS Yes,0.7202,1.73,0.337,0.1422,True,484.8986070487918,484.8986070487918,383.94000319114144
2025,2025-11-22,Burnley,Chelsea,BTTS Yes,0.7202,1.8,0.3705,0.1647,False,446.10671848488846,446.10671848488846,353.2248029358501
2025,2025-11-29,Brentford,Burnley,BTTS Yes,0.7384,1.73,0.3801,0.1604,True,472.15935084440594,472.15935084440594,373.85313142730377
2025,2025-12-02,Bournemouth,Everton,BTTS Yes,0.6465,1.98,0.2858,0.1415,False,434.38660277685347,434.38660277685347,347.1413251868229
2025,2025-12-06,Leeds,Liverpool,BTTS Yes,0.7642,1.67,0.4124,0.1654,True,457.6697246856928,457.6697246856928,365.7481002168366
2025,2025-12-06,Tottenham,Brentford,BTTS Yes,0.765,1.83,0.4819,0.2186,False,421.05614671083737,421.05614671083737,336.48825219948964
2025,2025-12-07,Fulham,Crystal Palace,BTTS Yes,0.6583,2.0,0.3167,0.1583,True,454.7406384477043,454.7406384477043,363.1297095673842
2025,2025-12-13,Burnley,Fulham,BTTS Yes,0.7744,2.1,0.5692,0.2982,True,494.7578146311023,494.7578146311023,395.08512400931403
2025,2025-12-14,Brentford,Leeds,BTTS Yes,0.7657,1.9,0.5053,0.2394,True,530.3803772845416,530.3803772845416,423.5312529379846
2025,2025-12-14,Sunderland,Newcastle,BTTS Yes,0.6945,1.91,0.3588,0.1709,False,487.9499471017783,487.9499471017783,389.64875270294584
2025,2025-12-15,Man United,Bournemouth,BTTS Yes,0.7826,1.57,0.4012,0.1457,True,510.2004646896194,510.2004646896194,407.4167358262002
2025,2025-12-20,Tottenham,Liverpool,BTTS Yes,0.744,1.67,0.3619,0.1452,True,537.5472095969831,537.5472095969831,429.2542728664845
2025,2025-12-20,Bournemouth,Burnley,BTTS Yes,0.8182,1.67,0.5467,0.2194,True,566.3597400313813,566.3597400313813,452.26230189212805
2025,2025-12-20,Leeds,Crystal Palace,BTTS Yes,0.6725,2.1,0.3747,0.1963,True,616.1993971541428,616.1993971541428,492.0613844586353
2025,2025-12-21,Aston Villa,Man United,BTTS Yes,0.8111,1.67,0.5293,0.2123,True,649.2276848416049,649.2276848416049,518.4358746656181
2025,2025-12-22,Fulham,Nott'm Forest,BTTS Yes,0.7224,2.05,0.458,0.2346,False,597.2894700542764,597.2894700542764,476.9610046923687
2025,2025-12-26,Man United,Newcastle,BTTS Yes,0.8658,1.67,0.6656,0.267,False,549.5063124499343,549.5063124499343,438.8041243169792
2025,2025-12-27,Brentford,Bournemouth,BTTS Yes,0.7347,1.67,0.3387,0.1359,True,578.9598507972507,578.9598507972507,462.3240253803693
2025,2025-12-27,West Ham,Fulham,BTTS Yes,0.7486,1.8,0.4343,0.193,False,532.6430627334706,532.6430627334706,425.33810334993973
2025,2025-12-28,Sunderland,Leeds,BTTS Yes,0.6807,2.2,0.4146,0.2262,True,583.7767967558838,583.7767967558838,466.1705612715339
2025,2025-12-28,Crystal Palace,Tottenham,BTTS Yes,0.6515,2.0,0.3031,0.1515,False,537.0746530154131,537.0746530154131,430.84648699118344
2025,2025-12-30,Burnley,Newcastle,BTTS Yes,0.688,1.8,0.298,0.1325,True,571.4474308083995,571.4474308083995,456.524937615858
2025,2026-01-01,Brentford,Tottenham,BTTS Yes,0.6909,1.93,0.3585,0.1727,False,525.7316363437276,525.7316363437276,420.00294260658933
2025,2026-01-01,Liverpool,Leeds,BTTS Yes,0.8263,1.62,0.5461,0.209,False,483.6731054362294,483.6731054362294,386.40270719806216
2025,2026-01-03,Aston Villa,Nott'm Forest,BTTS Yes,0.7237,1.8,0.3783,0.1682,True,514.628184184148,514.628184184148,411.13248045873814
2025,2026-01-04,Leeds,Man United,BTTS Yes,0.815,1.83,0.5921,0.2685,True,548.7994956139755,548.7994956139755,438.43167716119837
2025,2026-01-06,West Ham,Nott'm Forest,BTTS Yes,0.6377,1.98,0.2679,0.1326,True,591.8253760701112,591.8253760701112,467.2083595075122
2025,2026-01-07,Newcastle,Leeds,BTTS Yes,0.7624,1.83,0.4762,0.216,True,631.1225810411667,631.1225810411667,498.230994578811
2025,2026-01-07,Bournemouth,Tottenham,BTTS Yes,0.7556,1.73,0.4209,0.1776,True,667.9801397739708,667.9801397739708,527.3276846622135
2025,2026-01-17,Leeds,Fulham,BTTS Yes,0.824,2.1,0.6639,0.3478,False,614.5417285920531,614.5417285920531,485.1414698892364
2025,2026-01-25,Newcastle,Aston Villa,BTTS Yes,0.746,1.67,0.3668,0.1472,False,565.3783903046889,565.3783903046889,446.3301522980975
2025,2026-01-26,Everton,Leeds,BTTS Yes,0.645,2.2,0.3491,0.1904,True,619.654715773939,619.654715773939,489.17784691871486
2025,2026-01-31,Leeds,Arsenal,BTTS Yes,0.6602,1.98,0.3134,0.1551,False,570.0823385120239,570.0823385120239,450.85076261263356
2025,2026-02-01,Man United,Fulham,BTTS Yes,0.7802,1.67,0.4523,0.1814,True,600.6387518562683,600.6387518562683,475.0163634886707
2025,2026-02-07,Bournemouth,Aston Villa,BTTS Yes,0.7695,1.67,0.4254,0.1707,True,632.8329889557642,632.8329889557642,500.47724057166346
2025,2026-02-07,Burnley,West Ham,BTTS Yes,0.7047,1.9,0.3766,0.1784,False,582.2063498393031,582.2063498393031,460.43906132593037
2025,2026-02-10,Everton,Bournemouth,BTTS Yes,0.6759,1.88,0.3077,0.144,True,623.1936768679901,623.1936768679901,491.6080231433279
2025,2026-02-21,West Ham,Bournemouth,BTTS Yes,0.781,1.57,0.3968,0.1441,False,573.3381827185509,573.3381827185509,452.2793812918617
2025,2026-03-01,Arsenal,Chelsea,BTTS Yes,0.7222,1.73,0.3417,0.1442,True,606.8211325893143,606.8211325893143,478.6924971593064
2025,2026-03-03,Everton,Burnley,BTTS Yes,0.6807,1.98,0.3549,0.1757,False,558.2754419821691,558.2754419821691,440.3970973865619
2025,2026-03-04,Fulham,West Ham,BTTS Yes,0.7725,1.73,0.4609,0.1945,False,513.6134066235956,513.6134066235956,405.16532959563693
2025,2026-03-22,Newcastle,Sunderland,BTTS Yes,0.664,1.88,0.2822,0.1321,True,549.7717904498967,549.7717904498967,430.31961391825246
2025,2026-04-18,Chelsea,Man United,BTTS Yes,0.8092,1.57,0.4743,0.1722,False,505.7900472139049,505.7900472139049,395.89404480479226
2025,2026-04-19,Everton,Liverpool,BTTS Yes,0.7038,1.9,0.3747,0.1775,True,542.2069306133061,542.2069306133061,424.3984160307373
2025,2026-04-19,Man City,Arsenal,BTTS Yes,0.6469,2.0,0.2939,0.1469,True,585.5834850623705,585.5834850623705,455.5810896485957
2025,2026-04-20,Crystal Palace,West Ham,BTTS Yes,0.6433,1.93,0.2598,0.1252,False,538.7368062573809,538.7368062573809,425.9910978759194
